Country Name,Country Code,2001,2002,2003,2004,2005,2006,2007,2008,2009,2010,2011,2012,2013,2014,2015,2016,2017,2018,2019,2020,2021
Aruba,ABW,163,163,160,162,162,145,159,151,163,153,166,138,145,152,150,150,149,149,163,160,165
Africa Eastern and Southern,AFE,3052185.56,3126949.83,3251455.25,3464828.25,3385078.5,3100960.5,3275065.5,3110939.5,3043669,3286239,3293173.84,3602412.66,3406118.9,3616343.64,3782284.87,3891420.61,3959549.26,3954845.14,3988983.26,3943312.27,4122458.3
Afghanistan,AFG,800,900,900,1000,1000,1000,1000,1000,1000,1000,1150,1300,1450,1600,1750,1900,2000,2050,2100,2000,1500
Africa Western and Central,AFW,2290269,2231496,2433204,2501040.4,2545151.89,2395130.99,2394272.01,2538719.14,2617164,2736354.64,2985575.9,3112163.08,3172832.06,3221888.31,3158670.73,3473916.84,4126379.87,4217563.35,4015606.46,3873103.47,4163673.25
Angola,AGO,254553,255443,212033,240002,202616,225741,306436,305860,272042,310000,342000,374000,407000,442084,495232,486490,531575,443066,399762,375345,528964
Albania,ALB,3311.2,3656.8,2801.6,4549.5,5000,5652.3,5413.4,5365,5811,5132.2,4805.2,8605.2,8973.09,8705.05,7855.1,7862.09,8563.2,8648.3,8711.5,7627.16,9641.5
Arab World,ARB,2569228.49,2466894.47,2512945.22,2590634.07,2676910.11,2478328.44,2480108.32,2491842.38,2760764.61,2736859.91,2609496.44,2977611.22,3044434.77,3074442.91,3086266.32,3393613.32,3591746.94,3957553.46,3873304.95,3930914.89,4314308.72
United Arab Emirates,ARE,112561,97574,95150,90000,86735,100403,96453,74075,77705,70590,66611,69166,63378,64912,63262,63221,64749,63819,62633,58949,61189
Argentina,ARG,931081,946185,910200,944846,929937,1171980,985409,995083,861974,811749,793308,738060,870705,829935,814300,755226,835061,835387,826095,837589.49,852565.8
Armenia,ARM,866,465,569,218,250,350,1065,601,619,617,795,861,4099,4795,8140,3758,364,369,710,750.01,770
American Samoa,ASM,3667,6939,5089,4041,4019,5349,6519,4424,4944,5122.78,3587.12,4371.96,2841.43,2426.77,4357.95,2252.27,2317.88,2028.42,1434.78,871.17,1058.72
Antigua and Barbuda,ATG,1797,2343,2541,2473,2948,3044,3042,3389,2416,2219,3055,5951,4605,3114,3165,3165,3165,3165,3165,3115,3205
Australia,AUS,205227,207516,224550.23,243559.05,250986.28,212900,190499.31,183642.7,179100.49,181106.4,177034.68,167631.31,160248.53,150778.96,151861.12,172901.49,164975.92,171467.13,166483.64,176602.57,171026.48
Austria,AUT,362,350,372,400,370,360,350,350,350,350,350,300,350,350,350,350,350,350,350,350,350
Azerbaijan,AZE,10893,11188,6435,9258,9001,4061,2949,1524,1206,1131,1061,911,857,929,626.2,739,965,1614,1177,2089,1464
Burundi,BDI,8964,11000,14697,13855,13400,12978,11309,18265,12615,17305,10654,12309,13232,16054,20120,21805,18999,20310,20372,19589,19550
Belgium,BEL,30209,29028,26831,26735,24567,23019,24541,22609,21722,22418,22477,24659,25662,26793,24721,26970,24649,23005,21350,19953.8,17937
Benin,BEN,38415,40663,41648,39988,31497,41507,36386,37495,38928,39791,38848,40364,42416,47583,36477,49806,48203,54959,73484.9,73965,74615
Burkina Faso,BFA,8500,8500,9000,9000,9000,9500,10200,11093,11800,14520,16060,20300,20500,20700,20750,21770,25208,27299,27803,29104,29731
Bangladesh,BGD,1068417,1103855,1141241,1187274,1333866,1436496,1494199,1557754,1821579,1726586,1600918,1535715,1550446,1591190,1623837,1674770,1801084,1871225,1895619,1919505,1982482.99
Bulgaria,BGR,8674,15008,12035,8252,5434,7544,8903,8864,8978,10769,9623.26,9581.1,9669.93,8687.39,8828.73,8614.22,8559.04,8598.91,10329.65,6295.8,9009.27
Bahrain,BHR,11230,11204,13638,14489,11855,15593,15013,14176,16356,13490,9915,27091,14976,15854,15540,15000,15000,15000,14850,14414,15720
"Bahamas, The",BHS,13671,15675,16724,15164,15555,16242,10912,14813,13809.83,16342.44,15313,16756.83,12765,11878.22,11307.29,11625,11479.94,10998.69,10145.91,7433.16,8704.85
Bosnia and Herzegovina,BIH,255,255,255,305,305,305,305,305,305,305,305,305,305,305,305,305,305,305,305,305,305
Belarus,BLR,944,1020,803,583,594,645,689,809,826,897,1122,965,697,766,869,688.3,773.3,800.4,662,939.05,611.23
Belize,BLZ,30746,84360,43358,70046,100507,185773,305645,364274,304217,399928,277494.29,171943.25,34703.6,76201.19,97524.25,91424.52,121142.06,216956.04,213986.32,186899.16,191621.2
Bermuda,BMU,309,397,363,386,401,381,425,401,416,375,478,516,461,417,407,410,380,354,374,358.48,419
Bolivia,BOL,5940,6300,6599,6436,6360,6080,5770,6750,7568,6946,6677,6820,7171,6990,7000,7000,7000,7400,7900,7500,7600
Brazil,BRA,730378,755582,712144,746217,750261,779113,783177,791892,825412,785369,760696,818590.47,770017.55,773293.4,710374.17,718906.95,719281,717928.37,727578.78,724605.93,760622.55
Barbados,BRB,2731,2530,2849,2159,2193,1986,2235,3562,3507,3280,1817.89,1360.63,2975.86,2206.32,1498.95,1735.48,1739.54,1731.96,874.74,1033.75,846.57
Brunei Darussalam,BRN,1597,2058,1789,1923,2709,2279,2550,2357,1958,2351,2154,4523,2826,3186,3370,13292,11864,13566,13690.39,13091.04,15295
Botswana,BWA,118,139,122,161,132,81,122,86,73,60,234,378,431,1168,81,38,38,38,38,33,38
Central African Republic,CAF,17000,19000,21000,23000,25000,27000,29000,31000,33000,35000,35000,32000,30000,29000,28000,29000,29000,29000,29000,27500,28000
Canada,CAN,1076924,1105841,1153788,1213644,1145594,1122606,1044982,967874,993173,975764,939688.33,834404.23,893174.36,884882.53,867807.5,884400.43,852140.29,859887.15,792937.12,739691.4,754504.64
Central Europe and the Baltics,CEB,659039.12,651892.54,588828.04,626027.12,606182.09,594423.3,663771.08,663200.79,740362.76,679202.3,670760.93,517482.47,593863.49,639018.78,549269.12,620412.48,573238.1,559353.9,568332.73,533679.55,519211.07
Switzerland,CHE,1715,1544,1815,1602,1738,1690,1653,2084,2184,2101,2098,2003,2007,1983,2023,1851,1932,1553,1382.34,1485.93,1485.93
Channel Islands,CHI,3927,3449,3526,3201,3505,3468,3566,3228,2649,3373,2976,2955,2848,2983,2574,2985,2731,3203,3050,2073.35,2187.51
Chile,CHL,4031799,4515437,3921103,5317385,4738165,4461856,4132854,3939379,3821818,3048316,3466956,3007536.31,2288875.04,2592748,2131558,1826602.41,2335016.12,2370411.23,2380299.99,2183235.13,2390072.38
China,CHN,14403875,14426596,14598934,14786243,14850730,14995706,14987636,15157263,15062980,15054057,15263615.15,15446318.15,15633567.44,16363366.41,16647934.68,16019261.57,15576685.3,14831109.11,14169893.46,13445983.02,13142836.98
Cote d'Ivoire,CIV,76005,69870,68903,54401,42665,54830,47300,43799,42893,48038,52468,52513.2,61360.8,74810.23,98546.93,104288.81,94790.43,109074.76,109031.42,103116.38,105295.36
Cameroon,CMR,121031,130135,117801,129000,142345,137232,138612,155300,172000,181000,190000,199000,207000,215000,224000,233190,266737,281945,296953.82,281630,290330
"Congo, Dem. Rep.",COD,231378,237690,234375,235752,234814,234562,234252,231447,228363,224491,221250,218000,227414,229612,230726,237372,238000,238000,238000,217750,228665
"Congo, Rep.",COG,48830,51927,53865,57024,54616,59082,59216,54104,61218,65186,73233,81150,73326,73536,69349,86834,95035,98734,70349.84,70637.35,69419
Colombia,COL,146164,124799,130147,112492,121002,103997,121655,112892,106450,81168,87491,72004,70706,92879,81951,69338,88223.5,81542.99,112072.5,91924.46,128869.15
Comoros,COM,11425,11178,11053,10987,10738,10464,14401,22714,44745,63447,38180,36295.23,43732.61,9257.28,11789.68,20039.49,17438.13,13801.52,17599.95,20755.44,19356.06
Cabo Verde,CPV,8676,8851,8136,11031,21931,19826,20127,21119,19213,21412,23077,20943.45,35983.8,35677.41,39393.28,27938.73,18617,26593.23,17190.32,19485.25,11623.87
Costa Rica,CRI,34016,33045,29556,20000,21489,19195,19751,21405,19814,17916,13928,15045,18558,14746,14750,11776.61,12498.83,14422.57,17768.97,26679.37,29122.73
Caribbean small states,CSS,200417,269579,231637,291488,284122,380822,499244,541446,490851.83,624329.44,519998.65,349907.11,233991.7,346248.71,350706.97,317847.49,384512.29,350763.63,332448.86,300666.32,299446.16
Cuba,CUB,54708,32586,34088,32194,28234,27587,29485,28714,28892,23996,24106,22320,22103,25056,25634,23574,21548,22621,18546.1,20186.2,18053.2
Curacao,CUW,0,0,0,0,0,0,0,0,0,0,22074,25071.89,26196.68,28495.27,30158.69,35534.16,32625.63,37910.53,29213.84,23051.82,25027.24
Cayman Islands,CYM,125,125,125,125,125,125,125,125,125,125,125,125,125,125,125,125,125,125,125,125,125
Cyprus,CYP,54723,141079,47740,78724,61313,29940,2446,1996,1409,1395,1188,1323,1182.99,1268,1488,1494,1756,1490.01,1559.21,1327.27,1401.33
Czechia,CZE,4646,4983,5127,4528,4242,4646,4276,4164,4112,3990,3859,4033,3761,3812,3841,3507,3557,3650,3721,3729,3314
Germany,DEU,209142,221772,257647,258343,281368,293037,290511,274281,244047,243146,233883,214408,235107,242743,261744,271185,248237,279213,224394.8,212094.57,187662.85
Djibouti,DJI,900,1000,1100,1200,1571,1299,1229,1206,1058,1590,1667,2167,1702,2298,2012,2220,2022,2102,2270.14,2322.5,3088.9
Dominica,DMA,1200,1198,950,700,579,694,677,699,772,700,662,625,527,1029,990,809,784,762,860.4,527,287.97
Denmark,DNK,1510694,1442348,1031221,1090596,910598,867721,653053,690584,777752,828089,716387,502790,668480,745343,869312,670448,904873,789362,639655,733000.49,466503.08
Dominican Republic,DOM,13217,17261,18097,14223,11193,12956,13709,15382,14233,14490,14005,13662.83,13188.58,13783.56,11894.89,14640.68,15724.54,13920.42,16066.01,14064.13,17666.88
Algeria,DZA,133628,134324.8,140959,113464.2,126260.3,145763.8,147363.13,138862.43,127777,93464,101814.86,105543.4,100973.14,97683.17,95798.9,100004.86,103875.32,115057.99,100553.1,71518.72,79200
East Asia & Pacific (excluding high income),EAP,28694415.25,29111406.97,29918635.58,30684125.33,30919201.53,31367002.85,31607549.35,31200139.41,31338965.02,31722035.43,32199009.33,32722146.97,33357980.23,34626730.1,35020532.94,34620459.44,34582146.43,34039834.39,33449425.87,32444701.48,31763219.01
Early-demographic dividend,EAR,29271084.75,30271327.65,28112921.83,31806795.7,32063038.32,30556757.94,31101694.16,31484015.44,31047157.75,29131702.77,32666974.38,30170711.49,30962701.88,29815251.15,31197289.81,30601703.29,31940188.92,35054696.39,32694575.96,32289654.17,33768335.84
East Asia & Pacific,EAS,37519878.85,37352598.37,38472596.19,38685316.26,39019767.22,39426677.71,39964481.84,39445087.76,39013674.66,39307771.59,39536938.23,39851164.94,40424977.17,41962369.94,41924684.7,40803457.38,40720635.43,40370798.4,39652321.55,38471324.6,37713814.18
Europe & Central Asia (excluding high income),ECA,4543702.2,4150493.8,4125107.6,3811963.51,3988978,4134551.1,4451876.4,4263564,4647933.2,4909623.6,5067080.21,5028378.33,5055827.5,4830713.88,5150341.23,5339974.47,5571125.58,5824748.67,5908649.77,5848448.65,5913289.09
Europe & Central Asia,ECS,17054180.42,16530342.84,15663813.94,15106292.83,14885403.59,14570007.8,14647817.53,14189124.54,14400533.77,14927153.37,14451675.79,14088587.7,14527580.14,14706968.91,15227104.04,14722836.36,15983695.35,16121227.48,15213243.14,15031896.59,14689002.28
Ecuador,ECU,587770,319169,399526,356774,464387,469060,408926,505571,498679,399874,508793,501881,509031,656448,632571,709181,622687,597465,607745.23,636310.68,863618.6
"Egypt, Arab Rep.",EGY,428634,425163,431124,393495,349554,375895,372492,373816,387399,385210,375355,354237.7,356858.09,344792.08,344113,335614.33,370959.67,373286,397043.34,418684,425770
Euro area,EMU,4107635.1,3848883.5,3840709.3,3793622.2,3812309.5,3839281.57,3677312.5,3541774.21,3456034.66,3577393.4,3415003.05,3155305.35,3284082.45,3516392.3,3338511.06,3360230.57,3454227.39,3360424.4,3103516.29,2778705.63,2808966.22
Eritrea,ERI,8880,7852,6689,7404,4027,8813,2232,1965,3330,3586,2939,3924.35,3616.68,3695.73,6230.8,3306.13,3929.59,5798.24,5640.4,5100,4574.16
Spain,ESP,1090797.3,883691.5,889386.4,811738.8,855282.1,962036.1,820309.1,923446.9,932442.3,975411.6,1011425.2,931464.8,990347.09,1064867.75,978106.38,917210.36,953789.68,936512.23,888698.24,804179.01,808544.14
Estonia,EST,105492,102365,80208,88625,99581,86884,99444,102580,98504,95731,81580,66613,69454,68883,73195,75656,82820,87051,86755,74142.44,72235.55
Ethiopia,ETH,15390,12300,9213,10005,9450,9890,13254,16770,17047,18058,24041,28952,38371,50119,45519,50000,56001,57166,59002,60002,60650
European Union,EUU,6201328.22,5864592.04,5392749.34,5401545.32,5192544.59,5186004.7,4787050.13,4681084.29,4740359.16,4883769.7,4606199.37,4096769.63,4456636.72,4741487.58,4727061.79,4557500.53,4916912.82,4693387.31,4233346.75,3992857.7,3722519.7
Fragile and conflict affected situations,FCS,3687144.74,3876129.46,4081396.28,4469448.55,4551137.13,4538188.86,4594920.83,4596020.71,4733348.02,4775132.14,4809431.48,4972729.55,5101362.96,5170244.31,5083566.14,5371353.09,5680088.6,5566177.42,5530437.12,5392709.76,5093721.93
Finland,FIN,149977,142302,121874,135422,131733,149446,164677,148666,154626,156097,153702,162321,167787,182956,182865,192881,190625,175200.39,163917.29,140055,124971
Fiji,FJI,45106,40320,37237.8,49632.66,47390,48733,47247,46595,46387,41943,46907,46851,42639,43312,41266,44826,47500,42729.41,41698.87,37462.12,32874.48
France,FRA,671905.7,701925,709038.7,664898.2,598482.8,595153.9,553685.7,500162.8,440199.3,452243.5,502006.02,473308.8,540519.91,548001.9,541593.04,558248.89,553672.21,578630.46,523735.6,478162.62,510109.6
Faroe Islands,FRO,515909,525991,620991,599386,565260,623122,620834,518267,351018,393875,354956,360471,487140,542836,585564,568435,701892,660056,653118.8,646289.7,540603.52
"Micronesia, Fed. Sts.",FSM,19471,22926,33753,31972,32361,15442,20873,25445,28606,31526,38142.06,48420.62,40972.1,52496,71567,88690,101417,137920.65,181769.51,193747.86,166333.97
Gabon,GAB,42871,41570,45479,46072,43863,41521,37814,31326,29589,32692,36522,36500,36600,36855,33000,31000,29000,29000,29000,28880,29860
United Kingdom,GBR,769481,728987,643819,654495,670334,624684,619692,595993,590853,612629,601079.96,631326.52,632342.04,755988.02,706148.04,697254.31,725343.14,699262.96,618928.18,626404.8,634418.61
Georgia,GEO,1636,1811,3306,11988,9974,14746,44068,48443,50026,46049,26547,12070,15520,19020,22520,44708.69,137423.38,203523.5,251755.45,207150,217575.05
Ghana,GHA,450353,375182,393547,420674.4,381637.89,378642.99,327294.01,335694.14,304584,351458.65,349760.3,356346.57,289951.74,323585.15,344325.91,324076.57,368178.76,359977.37,318005.72,370969.15,392761.55
Guinea,GIN,105404,93754,121925,97730,109138,104718,82073,94513,127746,113504,184962,198282,230049,207348,184652,159402,321169,293007,359837,309570,325120
"Gambia, The",GMB,34527,37405,37366,32817,34955,37477,43574,42881,45884,46624,41500,36062,43726,51500,55968,58261,60461,49526,56198.66,50989.79,52651.97
Guinea-Bissau,GNB,6848,7324,6153,6650,6983,7067,6500,6804,6721,6584,6549,8750,11750,15750,21150,28450,38350,52253.67,60150,62392.45,63221
Equatorial Guinea,GNQ,3600,3550,3550,3500,3750,4000,4533,5400,7669,7376,7115,7834,6926.15,6067.92,6423.26,6455.29,6377,6407.61,6417.72,5958.28,6307.12
Greece,GRC,94196.4,96078.9,93781.4,93891.4,92430.5,98239.7,96095.8,85885.3,83181.8,70179.8,63246.49,61044.2,64169.77,61260.7,65372.6,75533.3,78316,77714.8,83173,71476.01,59632
Grenada,GRD,2250,2171,2544,2039,2048,2163,2207,2386,2648,2182,2411.47,2379.63,2856.67,2665,2472.5,2740.27,2444.15,2540.42,2058.89,1913.89,1023.98
Greenland,GRL,158485,195624,175321,212988,234864,252959,233754,241899,214667,209446,214493,222894,275432,292441,268371,273175,310741,301052,265179,259209,271027
Guatemala,GTM,29704,23427,23696,10012,18979,17569,17965,23291,20149,22332,19844.51,15291.25,17686.39,18075.6,15153.76,15981.69,15375.72,14075.13,15714.26,11489.61,11082.06
Guam,GUM,673,435,456,532,280,418,326,329,462,167.77,120.49,101.48,108.68,87.41,71.62,69.8,152.42,94.85,90.2,47.14,25.69
Guyana,GUY,53405,48017,59695,56719,53370,53763,47448,42168,43605,45188,43185,53844,49268,37746,36558,42142,42977,41388,39087,39986.9,34216.25
"Hong Kong SAR, China",HKG,173972,169790,157444,167544,161964,154536,154147,158126,158965,168010,170720,155230,170129,160789,145193,142775,127554,124299,122929,119428,115178.98
Honduras,HND,22292,15789,17343,17569,21139,22546,16636,14160,12408,12075,11181,12198,11849,8639,10759,10600,10800,11300,11912,15818.82,16250.39
Croatia,HRV,18551.12,21235.54,19957.04,30172.12,34693.09,37876.13,40225.63,49062.08,55788.5,52867.3,71396.06,64389.18,75832.34,80369.89,73945,73301.74,69940.39,70558,64581.41,71637.7,62422.22
Haiti,HTI,7810,8110,8310,9660,11010,12260,13510,14810,16010,13710,16530,16510,16510,16510,16510,16510,16510,16350,16350,16350,16220
Hungary,HUN,6638,6750,6536,7242,7609,7543,7024,7394,6366,6216,7048,6717,6472,7463,5926,5091,5636,5249,4836,5483.1,4600.53
IBRD only,IBD,55943241.81,56885566.19,54065104.41,58746133.63,58429062.15,56393577.96,56703167.36,56719399.82,56554683.14,54055590.81,58473353.41,55908092.2,56605591.93,56239320.44,57575615.83,56491773.48,57993001.31,60555760.63,57793872.19,56502773.78,58372987.64
IDA & IBRD total,IBT,63890500.62,64975682.99,62661847.44,68070910.01,68073225.17,66230456.81,66705708.4,66686223.67,67021644.16,64741747.1,69419070.17,67180763.46,68017856.7,67975028.62,69270423.97,68799629.37,71296177.53,74018117.39,71202180.85,69541703.95,71440487.33
IDA total,IDA,7947258.81,8090116.8,8596743.03,9324776.38,9644163.02,9836878.85,10002541.04,9966823.85,10466961.02,10686156.29,10945716.76,11272671.26,11412264.77,11735708.18,11694808.14,12307855.89,13303176.22,13462356.76,13408308.66,13038930.17,13067499.69
IDA blend,IDB,1563432.2,1602883.74,1548907.36,1676224.1,1707241.49,1809771.7,1713525.15,1787407.51,1806075.72,1842045.95,1918141.79,1962293.79,2053929.07,2169563.66,2076564.54,2195950.38,2435460.81,2365836.98,2230199.29,2111764.12,2110063.06
Indonesia,IDN,4335940,4404801,4698733,4739638,4703117,4798414,5042176,5002765,5115756,5390461,5759674,5864409.35,6142410.11,6528638.33,6735639.15,6581114.83,6946132.04,7155854.27,7192713.78,6941042.32,7206879.2
IDA only,IDX,6383826.61,6487233.06,7047835.67,7648552.28,7936921.53,8027107.15,8289015.89,8179416.34,8660885.3,8844110.34,9027574.97,9310377.47,9358335.7,9566144.52,9618243.6,10111905.51,10867715.41,11096519.78,11178109.37,10927166.05,10957436.63
Isle of Man,IMN,3112,3127,2984,2627,2764,2579,3812,2770,3555,4814,6844,6172,5745,3755,7781,7040,6759,4431,2939,2742.95,3041.34
India,IND,3817092,3783853,3757899,3426509,3725361.99,3877337,3890293,4128727,4094756,4715816,4336132,4895142.41,4665438.43,4999493.43,4862038.51,5196946.01,5550953.01,5336183,5477100.01,4658197.01,5024904.99
Ireland,IRL,392528,318720,301218,310570,297181,241277,244368,234819,298584,348441,243454.95,305426.85,275949.83,306423.74,264370.53,259855.36,276329.84,251240.96,238443.64,208502.06,234158.85
"Iran, Islamic Rep.",IRN,351142,324838,350123,369990,410567,445879,402767,407842,420372,443650,487633,537271.01,553776.02,620426.99,631122,689721.99,782479.99,828393.63,824550.01,790900.05,779465.73
Iraq,IRQ,33300,26000,17200,12936,26008,59075,53032,34580,28245,19348,31541,51077,56853,59000,27296,31300,35220,36936,40069,34770.17,43679.69
Iceland,ISL,2003941,2149508,2008658,1755172,1685753,1348043,1421057,1306593,1164432,1081655,1164914,1466751,1380229,1095508,1336425,1085502,1198222,1279794,1060882.97,1035413.76,1056427.31
Israel,ISR,5024,5043,4055,3340,4151,3820,3435,2708,2712,2612,2575,3224,1983,2042,2097,1588,2054,2048,2046,2016,2035
Italy,ITA,312408.7,271902.1,297700.8,288939.8,298584.1,317852.7,289479.45,237619.5,254520,234960.5,217829.71,202430.39,177915.51,183451.41,198768.71,197090.86,197389.39,206936.7,187497.5,141207.22,150496.07
Jamaica,JAM,14319,14892,12482,13471,13096,17703,16398,13055,16154,15390,17998,15383,18349,15204,17025,17307,19267,15346,13475,12874.92,10956
Jordan,JOR,520,526,481,494,510,497,506,500,569,486,500,606.53,542.24,646.15,604.33,601.14,634.45,664.86,678.73,583.95,665
Japan,JPN,4835571.5,4501728.24,4800065.75,4451151.71,4440914.2,4451205.34,4430071.55,4441302.61,4230700.65,4188376.3,3873951.41,3756439.79,3737616.38,3735077.95,3500370.52,3286217.27,3273639.5,3374475.35,3253008.47,3242236.64,3150889.94
Kazakhstan,KAZ,22960,24668,25195,33306,37621,30045,34201,51267,38170,46827,34896,36939,34692,37137,40461,41334.54,41319.99,37283.15,45644.6,42597.38,41457.32
Kenya,KEN,164760.32,145164.33,120532,127297.07,147920,159266,132282,136109,134157,140607,181450,158743,163133,169169.1,165152,141482,122109.58,125477.51,125688.81,124929.44,130902.53
Cambodia,KHM,427000.01,406150.01,363500,305800,381000,482500,458500,431000,465000,490000.01,536000,607999.99,638000,625255,608405.01,629950,648820,656105.01,601100.01,535900,508049.99
Kiribati,KIR,33280,36694,33712,31061,30562,25661,34170,27299,39426,43116,62907.02,77531.66,81441.66,116964,145976,174303,162559,197934.53,238692.39,212750.79,191165.52
St. Kitts and Nevis,KNA,1039,949,873,1111,1516,1179,1275,1342,2064,21754,31071,21887,17717,66142,100398.52,65768.93,84958.17,1044.37,652,646.54,369.42
"Korea, Rep.",KOR,2008995,1704448,1661787,1589746,1661761,1772459,1888362,1970882,1871904,1735000,1757193.59,1673719.63,1605307.22,1751932.5,1658005.13,1371347.39,1359547.23,1402993.76,1424965.84,1376149.23,1314889.31
Kuwait,KWT,5846,5360,4060,5061,4895,5635,4373,3979,4708,6373,4038,3686,4307,3840,3859,5187,3978,2871,3016,3095,3525
Latin America & Caribbean (excluding high income),LAC,12229881.5,12843769.88,10038695.05,13512075.43,13438629.51,11473470.3,11683014.49,12133748.66,11524505.83,8689047,12643734.9,9061391.41,10123274.49,7969054.3,8999563.98,8048971.44,8585137.2,11689775.57,9236265.63,9987017.88,11331570.09
Lao PDR,LAO,31000,33440,29800,29800,26560,26925,28410,29200,30800,30900,34000,34106,38946,60237,62635,57400,59069,60508,64701,70001,71000
Lebanon,LBN,3670,3970,3898,3866,3798,3811,3700,3600,3500,3400,3300,3200,3100,2998,3638,4291,3617,2796,2619.8,2455,2580
Liberia,LBR,10496,11042,10464,13725,12147,8894,14488,7890,10700,11700,13421.05,14028.69,15090.98,14432.19,14009.22,13718.1,11974.1,14122.29,16134.03,31661.68,25169.14
Libya,LBY,47296,44013,41834,39902,37395,34652,31926,47650,52117.3,50006,30004,34654,35504,24633,25730,29919.39,31873.99,32144.06,32335,31803.55,31951.33
St. Lucia,LCA,2160,1895,1668,1706,1590,1647,1732,1895,2066,1964,1811,1943.51,1991.64,1981.44,2030.47,2117.64,2091.51,2019.92,1845.1,1423.83,1414.47
Latin America & Caribbean,LCN,17161064,18285122.58,14862990.05,19789403.43,19022276.56,16696347.3,16537600.69,16757186.66,16029440.36,12277604.73,16666318.56,12627032.51,12968585.14,11126975.01,11742005.09,10499289.6,11522219.62,14562032.73,12155578.3,12676654.36,14245391.92
Least developed countries: UN classification,LDC,5510272.61,5648206.06,6022594.47,6517492.85,6872677.64,6943961.16,7360658.68,7307018.2,7792862.6,7931740.66,8128892.62,8394659.84,8512693.69,8672539.43,8729960.41,9241913.62,9998975.48,10065441.37,10093352.45,9848633.61,10027043.79
Low income,LIC,1993698.5,1965635.5,2202966.5,2330843.5,2345215.5,2269738.5,2392266.5,2487188.5,2631044,2664878.99,2787545.89,2831166.41,2954985.88,2990870.54,2929248.68,3056802.77,3389091.31,3361266.65,3634337.38,3505110.05,3613669.86
Sri Lanka,LKA,267550,272602,319759.2,332854.4,216663,278603,304903,323888,336942,390187,421764.7,450850.61,461229.6,493496.68,469124.25,488290.38,476407.47,479608.53,471989.4,387042.8,380278.23
Lower middle income,LMC,20720045.3,20777425.27,21476549.45,21776568.8,22559809.12,23056635.78,23736515.36,24063958.23,24712966.93,25804961.67,25661547.62,26988728.27,27327936.38,28615654.05,28817066.41,29750392.7,31403746.56,31450581.82,31503890.73,30130004.09,30874320.56
Low & middle income,LMY,58951063.5,59495566.45,57820591.4,61739111.89,62454213.03,60994396.68,61855336.57,62067608.59,62421772.66,61095783.58,65342470.31,63571208.43,65087143.57,64768639.29,66436884.03,66211770.63,68191694.21,70977662.28,68094494.36,66598250.3,68269389.45
Late-demographic dividend,LTE,34055197.19,34322847.76,33680498.82,35014420.93,34526557.36,33954347.24,33656414.99,33091471.45,33637820.32,33047109.74,33767145.75,34197229.22,33918729.13,34753343.13,34856986.99,34514212.16,35014113.35,34897730.47,34166446.52,33258289.68,33342572.77
Lithuania,LTU,150831,150146,157205,161988,139785,154548,187513,182760,172692,149851,138557,66970,90871,150067,85144,106945,89770,75019.25,102219.91,90991.31,96152.49
Latvia,LVA,128176,117553,114543,125391,150618,140389,155276,157934,163213,164819,154310,94404,116029,119536,81340,114278,69411.6,73144,71385,64989,61658.11
"Macao SAR, China",MAC,1500,1500,1500,1500,1500,1500,1500,1500,1500,1500,1500,1500,1500,1500,1500,1500,1500,1500,1500,1500,1500
St. Martin (French part),MAF,0,0,0,0,0,0,90,90,90,90,90,90,90,90,90,90,90,90,90,90,90
Morocco,MAR,1106101.9,969539.6,929778.6,931280.7,1039210,891750.6,891845.5,1006167.7,1175436.5,1143652.11,974039.99,1177472.38,1275508.7,1375097.05,1384017.61,1472314.42,1402130.8,1386548,1475913.65,1397532.69,1432199.14
Madagascar,MDG,124415,130125,130670,135916,133648,134693,148578,121264,132103,129638,127070,118075.26,104597.02,95821.26,114751.4,142332.93,161606.38,129588.66,113782.26,111152.84,113937.24
Maldives,MDV,127636,163770,156132,158528,186274,185811,144511,133839,117061,122804,120835,120000,130205.27,128650.83,127309.76,129421.05,142349.27,150992.58,135062.86,148565.28,144993.2
Middle East & North Africa,MEA,2684821.99,2544543.97,2568550.72,2590374.57,2693411.61,2666575.94,2554420.82,2587138.88,2822146.61,2743914.91,2590425.44,2982294.13,3107275.95,3248212.92,3243475.03,3393190.09,3498036.42,3738177.67,3893173.36,3959093.73,4154189.17
Mexico,MEX,1445866.5,1481136.88,1386469.05,1289156.43,1325083.51,1368538.3,1475194.49,1586975.66,1619392.83,1528282,1571660.63,1581200.21,1626418.14,1529367.57,1479562.95,1524467.29,1637380.51,1699290.21,1581126.75,1511892.56,1628652.14
Marshall Islands,MHL,36579,39857,38882,47884,57566,43957,61212,35026,46382.4,59800.53,93318.45,77090,80643,78727,89718,65224,70313,78363.2,101650.81,88202.61,95932.72
Middle income,MIC,57269663,57769996.95,55879844.9,59609112.39,60294166.53,58888346.18,59724468.07,59918585.09,60124273.66,58761828.58,62894007.98,61041409.44,62450912.9,62072118.59,63804980.7,63538736.24,65267394,68025126.79,64901431.73,63480129.18,65092370.26
North Macedonia,MKD,128,148,162,213,271,147,177,166,222,236,268,249,334,282,350,122,87,140,399.5,472.88,514
Mali,MLI,100000,100000,100000,100000,100000,100000,100000,100000,100000,100000,108134,71229,99353,80000,92480,102486,106221,90386,109362,117690,107100
Malta,MLT,902,1085,1138,1138,1406,1332,1235,1391,1641,1836,1920,2200.13,2355.77,2405.3,2563.39,3562.27,2163.62,2731.85,2491.86,2103.23,2502.89
Myanmar,MMR,1187880,1284340,1343860,1586600,1732250,1823450,1907750,1907010,1892600,1961150,1975920,1962231,1919001,1970550,1970470,2072390,2155440,2036869,1951120,1977330,1665740
Middle East & North Africa (excluding high income),MNA,2355156.99,2217242.97,2245293.72,2244778.57,2352687.61,2310263.94,2200756.82,2252313.88,2478745.61,2406181.91,2269334.44,2608919,2730155.18,2863249.42,2815799.84,2935380.12,2979273.2,3031634.52,3146343.5,3012206.05,3063120.46
Montenegro,MNE,0,0,0,0,0,1524.8,1131,1680,1661.2,1345.4,1517.6,1390.6,1580.5,1556.4,1486.8,1595,1079.7,1292.8,1276,816.45,808
Mongolia,MNG,290,263,382,305,366,326,185,88,90,100,80,61,55,49,63,15,22,25,30,25,0
Northern Mariana Islands,MNP,406,296,172,169,214,221,219,168,192,129.66,98.46,106.53,158.12,146.14,103.17,98.84,118.58,114.29,97.27,102.37,189.21
Mozambique,MOZ,36556,38185,87904,90588,83996,93882,92623,121655,150780,162555,195280.29,210695.71,222101,253023.54,286715.91,299752.24,329561.15,349425.64,401122.35,394952.42,373563.2
Mauritania,MRT,140142,156131,199650,270733,304877,165312,223207,195328,216900,276238,372011,437709,387833,378339,403776,609754,794580,967706.75,720849.51,678425,860217.11
Mauritius,MUS,10986,10706,10968,9971,9855,8681,8325,6871,7856,7366,7306,6352,7912.86,14656.97,15799.2,18215.37,24986.84,29341.48,34236.29,25989.69,30639.7
Malawi,MWI,40619,41329,53543,56463,59595,72787,66500,70019,69325,98298,82415,125392,112248,116129,141643,152852,199455,221849,154922,171115.22,170560
Malaysia,MYS,1238860,1279653,1291121,1339771,1218264,1290377,1389534,1402330,1401503,1437456,1382880.85,1481361.21,1492620,1468726,1496053.98,1584371.02,1474370,1463031.39,1465095.14,1391044.75,1337230.57
North America,NAC,6083789,6104728,6141077,6206410,6108117,6010755,5845779,5342329,5223060,5373083,6075257.33,5916060.23,5951102.36,5827702.53,5864606.5,5736410.43,5882590.29,5658631.15,5618028.12,5007758.88,5037356.64
Namibia,NAM,548777,626068,638207,571199,553995,509585,413333,372822,378847,381929,413927.99,469395.93,485502.6,443881.6,509858,515657.1,501421.98,490194.21,467040.16,329670.13,410849.46
New Caledonia,NCL,3499,3457.9,3552.5,3853,3467,3333,3704.7,3919,3862,4027,3993.48,3882.55,3907,4245,4654,3885,3694,3128.77,3737.23,3326.6,3304.96
Niger,NER,20800,23560,55860,51466,50018,29835,29728,29960,29884,40000,53173,46500,45000,47000,27000,34592,25195,31042,40058,46000,47200
Nigeria,NGA,452146,481056,475162,465251,523182,552323,530420,601368,598210,616981,635486,668754,721355,759828,710331,734731,916283.97,878155,825013.25,783101.68,805210
Nicaragua,NIC,20033,19558,15654,19668,28239,32198,27316,31312,37853,40978,33527,33783.99,40979.01,54364,41534,45022.99,50982,54553.99,51309.99,43466.54,55274.53
Netherlands,NLD,518163,464036,526281,521636,555606,513079,487592,440291,386942,434419,370089.07,347264,327437,371367,384475,370249,500183,411714,320361.8,307176.11,299541
Norway,NOR,2862152,2923116,2702012,2672699,2546500,2401781,2514659,2583895.25,2693500.41,2838470.07,2442576.51,2282646.45,2241396.58,2450364.12,2452205.1,2201293.54,2558757.47,2665068.3,2478585.84,2625367.78,2555512.43
Nepal,NPL,16700,17900,18888,19947,19983,20016,20100,21500,21500,21500,21500,21500,21500,21500,21500,21500,21000,21000,21000,21000,21000
Nauru,NRU,360,342,342,300,330,370,420,475,530,589,255,228,263,270,270,270,270,9155,33525,92388,120409
New Zealand,NZL,569836,588649,550929,546072,545460.01,476798.01,494692.01,452534.33,439762.4,436593.37,430337.99,441930.24,444067.29,442371.72,433812.3,424940.96,431143.14,408010.8,412627.86,364964.03,343097.81
OECD members,OED,31641873.1,31315174.62,30015441.33,30691540.39,29631194.5,28893038.22,28519436.86,27650693.76,27097707.44,26427072.54,26700184.3,25464770.55,24896914.63,25387810.34,24877817.11,23204226.27,24844909.92,24741689.5,23734485.65,22539698.36,22412428.25
Oman,OMN,129907,142669,138481,165016,157326,147668,151744,151910,158551,163927,158566,191563,206169,211037,257022,279588,347539,554558,579186,793418.95,922083.32
Other small states,OSS,3044076,3397078,3176744,2912268,2867256,2428270.8,2325532,2170666,2047869.2,1998706.4,2058061.64,2405243.48,2375057.85,2039359.6,2392174.04,2190907.45,2324826.01,2421930.49,2174989.49,2002069.56,2103835.82
Pakistan,PAK,540804,534670,499366,494829,449993,506473,453295,470665,459058,455514,457738.99,479974,484646.01,480123,509478.99,516356.02,536925.99,504810.01,488503,492783,496059
Panama,PAN,276769,256302,230114,215374,264503,263606,222601,230648,239371,182079,171022.59,179657.06,199775.23,158967.95,145031.9,150081.86,147409.6,175655.8,232799.69,194447.24,177069.2
Peru,PER,7991712,8771365,6093924,9611945,9393488,7020925,7221330,7408317,6933455,4305975,8254957,4852760,5876493,3599053,4843860,3828751,4185193,7208637.48,4852821.39,5676965.48,6576171.02
Philippines,PHL,1961552,2045093,2184208,2235028,2293481,2341380.49,2520508,2550700,2513836,2502872,2220780,2206570.32,2201842.58,2249191.27,2153987,2027025.5,1889154.23,1821435.71,1830163.66,1914854.37,1842066.89
Palau,PLW,1084,1027,1047,1079,1430.9,967,1141.82,1168.2,1034,967,1000.2,905,887,864,848,818,3455,3887.61,4692.12,776,786
Papua New Guinea,PNG,125263.88,141600.41,177328.56,242999.37,254573.49,253548.7,247890.15,222826.51,230659.72,226361.95,199876.33,257621.93,241601.04,257241.04,234978.77,322268.47,328086.47,333508.43,286923.94,217797.47,188664.47
Poland,POL,225064,223440,180399,192108,155247,145479,151820,142496,223893,189722,198308,198385,214170,191598,205428,218115,226396,222704,211443,206390.3,201384.5
Pre-demographic dividend,PRE,3443742.56,3434782.83,3652186.25,3879717.25,3984697.5,3846827.5,4125397.5,4151007.5,4302445,4472906.99,4798843.4,5016960.24,5187172.91,5247812,5241809.8,5618967.67,6389636.67,6445994.26,6483666.45,6218215.96,6708350.09
Puerto Rico,PRI,5043,3237,3786,3342,3561,2806,2305,2423,2312,1180.03,1490.1,1881.76,1912.39,1810.39,1825.85,1851.46,1555.66,1640.93,1515.3,1579.69,1580
"Korea, Dem. People's Rep.",PRK,206500,205000,205000,205000,205000,205000,205000,205000,207000,217500,219000,213500,209000,226000,220000,209000,208700,207700,205200,202000,208070
Portugal,PRT,194464,203418,212817,222556,221082,229837,256683,224446,199165,223546,216159,198737.99,196558.36,183664,190100.02,186545.01,182614.98,178270.01,185049.08,159947.96,179529.54
Paraguay,PRY,25000,24200,23400,22600,21800,21000,20200,19400,18600,17800,17000,17000,17000,17000,17000,17000,17044.25,17110.55,16940.46,16975,17560
West Bank and Gaza,PSE,1950,2379,1507,2951,1814,2323,2702,2843,1525,1699,1318,2091,1930,2854,3227,3306,3208,3201,3943,4661.9,4660.7
Pacific island small states,PSS,210654.36,229127.55,311497.02,425496.96,444326.04,415693.66,431499.2,356632.9,362024.3,343112.69,365997.73,389303.99,379762.13,451603.51,516031.32,503945.46,483068,594552.85,742286.41,740150.29,754724.79
Post-demographic dividend,PST,23172889.72,22191567.28,21841990.32,21395981.09,21113933.08,20897480.05,20520827,20038563.18,19598874.11,19858236.84,19665448.78,18639946.58,18953901.86,19499621.02,19158503.07,18016150.18,18892056.79,18657988.87,17815746.95,17064738.82,16554286.7
French Polynesia,PYF,15189,15287.89,13604,12306,11589,12778,13177,12284,13373.98,13043.73,12801.61,14343.18,14503.9,15277.83,14105.23,12813.62,12396.02,13043.04,13261.04,12180.01,13243.01
Qatar,QAT,8864,7155,11295,11134,13935,16376,15190,17688,14064,13760,12985,11275,12006,16213.2,15201.8,14513.7,15358.6,14665.3,17130,15086.5,16554.5
Romania,ROU,7609,6980,9890,5095,6053,6663,6183,5410,4020,2688,3254,3960,5218,6248,9307,12728,14998,11179,10927.4,7972.88,6350.6
Russian Federation,RUS,3638827,3244064,3291224,2953369,3207876,3295920,3484225,3393966,3831957,4075796,4261516,4337952.79,4366230.92,4266059.01,4464131.46,4773470.53,4873829.59,5119477.13,4983420.15,5081017.06,5167703
Rwanda,RWA,6828,7000,7400,7826,6816,7711,9186,11587,11552,13000,16994,18980,22390,25159,29334,25013,25000,23977,20910.2,29979,32094
South Asia,SAS,5839044,5877590,5894220.2,5620971.4,5933165.99,6305756,6308316,6637383,6851904,7433413,6960042.69,7504484.02,7314918.31,7716058.94,7615045.51,8029195.46,8530735.74,8365884.12,8491389.27,7629108.09,8051233.41
Saudi Arabia,SAU,55331,57211,55440,55418,60421,65485,66221,68898,67664,65145,64481,65170,71946,68660,68130,75150,67921,50850,65477,57805,67459
Sudan,SDN,58007.5,57007.5,59007.5,63007.5,59007.5,57007.5,65516.5,68602.5,71698,71358,71008,34008,33708,33508,33008,35502,38390,41041,40770,37660,34550
Senegal,SEN,431252,398040,469284,434525,399848,368388,412360,428298,446200,409714.99,427134.55,461077.17,469595.59,458530.41,425442.13,474172.34,534939.61,484654.67,516141.27,458363.46,513957.13
Singapore,SGP,3342,2769,2085,2173,1920,3103,3522,1623,2121,1732,1618,1969,1645,1433,1265,1234,1110,1309.74,1417.69,355.59,306.32
Solomon Islands,SLB,24538.36,26252.55,36699.22,35045.67,30171.14,39525.66,32150.18,27457.7,28652.6,37544.66,38720.16,38892.07,36708.88,70717.31,67995.99,65572.36,50038,62735.11,68438.88,41067.67,49853.67
Sierra Leone,SLE,75210,82990,95926,132440,142993,144146,139535,197582,199000,200000,202000,203500,205000,206477,202100,202100,202100,202100,202100,200630,204900
El Salvador,SLV,19609,35943,35484,42415,41114,43218,54664,53287,48424,39583,54403,52060,52147,63296,54513,58558.09,59600.34,57131.59,51648.69,59674.39,59004.89
Somalia,SOM,31900,29000,30000,30000,25000,30000,30000,30000,30000,30000,30000,30000,30000,30000,30000,30000,30000,30000,30000,30000,30000
Serbia,SRB,0,0,0,0,0,2632,2535,3153,3846,4807,5384,4798,5040,3593,3150,2067,2209,2082,2547,1932,2354
Sub-Saharan Africa (excluding high income),SSA,5288863.56,5295062.83,5598639.25,5865197.65,5821550.39,5403352.49,5603823.51,5580459.64,5579719,5935482.64,6203268.74,6645888.7,6504987.86,6762832.65,6835600.53,7237789.7,7943276.06,8025785.01,7862420.32,7676768.15,8146957.39
South Sudan,SSD,0,0,0,0,0,0,0,0,0,0,0,37000,37000,37000,37000,35000,33000,32000,32000,30000,32500
Sub-Saharan Africa,SSF,5342454.56,5358445.83,5684659.25,5965868.65,5930230.39,5496091.49,5669337.51,5649658.64,5660833,6022593.64,6278749.74,6714575.74,6578950.96,6838231.95,6940955.6,7365337.45,8085929.13,8172408.49,8004589.72,7816415.74,8286131.55
Small states,SST,3455147.36,3895784.55,3719878.02,3629252.96,3595704.04,3224786.46,3256275.2,3068744.9,2900745.33,2966148.53,2944058.02,3144454.58,2988811.68,2837211.82,3258912.33,3012700.4,3192406.3,3367246.97,3249724.76,3042886.17,3158006.77
Sao Tome and Principe,STP,3692,3820,4005,4141,4197,4323,4449,4575,4701,4837,6185.05,7400.1,8699.2,10001.39,11440.8,11719.7,9514.8,6006.55,4273.56,5679.47,6019.8
Suriname,SUR,28557,30705,35594,32872,29620,31921,30901,24132,26143,35085,35490,35930,35516,33459,39463,43063,48584,39299,31388,29772,32130
Slovak Republic,SVK,1531,1746,1646,1603,1693,1718,1994,1655,1761,1608,1935,1945,1986,1944,1971,1866,1870,1937,1853,1736,1815
Slovenia,SVN,1827,1686,1282,1023,1227,1133.17,1112.45,881.71,1035.26,941,890.61,485.19,400.22,410.5,343.39,310.52,280.07,263.74,281.36,312.02,268.8
Sweden,SWE,311817,294964,286875,269930,256359,269251,238253,231336,203415,212035,181321,151609,188951,181574,211963,205465,228726,221662,184337,179642.8,159969.28
Eswatini,SWZ,50,60,60,60,60,60,60,60,60,60,60,60,60,65,65,65,65,65,65,60,65
Sint Maarten (Dutch part),SXM,0,0,0,0,0,0,0,0,0,0,253,253,253,253,253,253,253,253,253,253,253
Seychelles,SYC,53591,63383,86020,100671,108680,92739,65514,69199,81114,87111,75481,68687.04,73963.1,75399.3,105355.07,127547.75,142653.07,146623.48,142169.4,139647.59,139174.16
Syrian Arab Republic,SYR,8291,9178,8911,8528,8447,8264,9457,6995,6607,6637,5900,5300,4800,4099,3822,4179,4065,4074,4080,3845,4310
Turks and Caicos Islands,TCA,5787.5,5124.7,5681,5506,6046,4860,6136,6804,5446.7,3801,3327,1960,2013,2361,2917,3145,1324,2090,1243,1297,2277
Chad,TCD,75000,70000,71000,74000,77000,79000,82000,85000,88000,91000,95000,100000,120000,120020,100000,110000,107045,107000,107000,105000,103000
East Asia & Pacific (IDA & IBRD countries),TEA,28484608.25,28899809.97,29708888.58,30475384.33,30710512.53,31157023.85,31396450.35,30991190.41,31127551.02,31500001.65,31976677.21,32504503.01,33146401.8,34398573.33,34796444.99,34409477.17,34371398.55,33839260.97,33276316.09,32334218.31,31674499.29
Europe & Central Asia (IDA & IBRD countries),TEC,4794926.32,4402149.34,4335353.64,4039338.63,4184971.09,4324569.23,4650105.03,4460532.08,4931634.7,5154900.9,5340038.27,5295112.51,5351047.84,5108929.77,5439021.23,5644119.21,5882459.97,6129189.67,6195601.58,6134449.53,6183446.41
Togo,TGO,23163,20946,27485,28013,27706,24830,19905,22765,27025,27535,24122,19320,20015,19849,21497,31891,26915,24620,25526,18034,17984
Thailand,THA,2833974,2842428,2849670,2839669,2814295,2698803,2304951,1873432,1870702,1810620,1835125.15,1727647.07,1831808.5,1676566.77,1506409.08,1530594.32,1493058.51,1536756,1527182.38,1588859.33,1412123.25
Tajikistan,TJK,137,181,158,184,167,215,225,380,535,690,843,714,1179,1174,1176.01,1099.99,1105,1195.99,1716.33,1809.86,2350.22
Turkmenistan,TKM,12749,12812,14543,14992,15000,15000,15000,15000,15000,15000,15000,15000,15000,15000,15000,15000,15000,15000,15000,14605,15042
Latin America & the Caribbean (IDA & IBRD countries),TLA,17076260.5,18222823.88,14794939.05,19727519.43,18963471.56,16639075.3,16483444.69,16697988.66,15972500.83,12226355,16595545.82,12555260.18,12898312.61,11052839.21,11666383.8,10419425.96,11449588.94,14482940.62,12091883.69,12619968.13,14186716.91
Timor-Leste,TLS,3561,3720,3850,4000,3650,3300,2911,3243,3200,3200,3200,3200,3200,3200,3200,3200,3200,3327.2,4575,5174,4933
Middle East & North Africa (IDA & IBRD countries),TMN,2353206.99,2214863.97,2243786.72,2241827.57,2350873.61,2307940.94,2198054.82,2249470.88,2477220.61,2404482.91,2268016.44,2606828,2728225.18,2860395.42,2812572.84,2932074.12,2976065.2,3028433.52,3142400.5,3007544.15,3058459.76
Tonga,TON,4947,5260,4754,3352,2566,2882,2727,2293,1955,2076,2130.34,2323.16,1896,1921,1803,1675,1401,1244.39,1212.61,1097.12,1165.21
South Asia (IDA & IBRD),TSA,5839044,5877590,5894220.2,5620971.4,5933165.99,6305756,6308316,6637383,6851904,7433413,6960042.69,7504484.02,7314918.31,7716058.94,7615045.51,8029195.46,8530735.74,8365884.12,8491389.27,7629108.09,8051233.41
Sub-Saharan Africa (IDA & IBRD countries),TSS,5342454.56,5358445.83,5684659.25,5965868.65,5930230.39,5496091.49,5669337.51,5649658.64,5660833,6022593.64,6278749.74,6714575.74,6578950.96,6838231.95,6940955.6,7365337.45,8085929.13,8172408.49,8004589.72,7816415.74,8286131.55
Trinidad and Tobago,TTO,16598,18768,14592,14713,16996,13123,13463,13833,13863,13930,13114,11746.99,13217.02,13290,12141,13115.94,12942.13,13184.34,12941.71,12912.65,13084.17
Tunisia,TUN,97526.09,96727.57,90262.12,110371.67,109153.31,111394.54,103821.19,96189.75,94536.81,93178.8,102200.6,108184,109825,114520,117011,109777,107896.99,115122.99,130982,121822,124243.45
Turkiye,TUR,527736,566682,507772,550482,426496,533048,632450,494118,463917,485925,514790.15,432452.64,374141.36,302228.97,431918.78,335345.27,354470.5,314242.51,463194.96,364404.88,328158
Tuvalu,TUV,500,600,1500,2450,2560,3160,3770,4380,5228,11466,11850,17619,12923,7379,6147,7684,7476,12823.8,8359.95,11295,31096.01
Tanzania,TZA,362528.74,349398,375548.75,387732.68,399052,360782,450246,350800,360348,377081,377710.51,409291.63,410555.08,374465.34,408974.47,404513.34,423903.73,413438.74,505165.26,511056.16,514575.42
Uganda,UGA,220726,221898,241810,371789,416758,367099,431500,403500,412000,413805,437415,407638,419249,461196,396205,389244,389629,439354,603224,566261.2,621986.96
Ukraine,UKR,310978,265746,257628,222272.01,268007,219228,215400,234079,220718,209948,179984,154392,203668.7,143083.06,120486.15,75858.84,93481.88,76506.98,81730.63,69467.1,62506.49
Upper middle income,UMC,36549617.7,36992571.68,34403295.45,37832543.59,37734357.41,35831710.4,35987952.71,35854626.86,35411306.73,32956866.91,37232460.36,34052681.17,35122976.52,33456464.54,34987914.29,33788343.54,33863647.44,36574544.97,33397541,33350125.09,34218049.7
Uruguay,URY,104982,108102,117269,122989,125818.05,133987,108722.2,108797,80872,74153,89269.13,76161.75,59195.87,65080.72,59540.1,51551.74,65308.64,69725.34,68005.77,62879.87,66299.91
United States,USA,5006556,4998490,4986926,4992380,4962122,4887768,4800372,4374054,4229471,4396944,5135091,5081140,5057467,4942403,4996392,4851600,5030070,4798390,4824717,4267709,4282433
Uzbekistan,UZB,3400,2600,2100,1900,2900,3400,3100,3800,4100,4078,8513,11052,13670,17116,22956,27267,31450,33600,40000,46100.02,53000.01
St. Vincent and the Grenadines,VCT,31944,46076,37767,78315,44104,51584,63309,55898,59587,66367,76576,10156.27,39499.91,81332.54,26132.99,22833.71,32937.79,2327.89,1968.79,2127.52,1586.28
"Venezuela, RB",VEN,468103,509739,503840,573593,403130,316397,347958,295566,316483,218853,201429.2,213248.66,213755.96,209498.24,240619.3,283742.64,237200.08,182599.97,176300,195900.02,223099.94
British Virgin Islands,VGB,837,1062,2771,1262,1295,1308,1251,1202,1201,1201,1200,1196,1203,1205,1200,1192,1192,1192,1192,1121,1132.83
Virgin Islands (U.S.),VIR,1738,1796,1867,1970,1634,2213,1458,1314,1393,1081.26,810.75,619.22,490.6,503.6,461.51,588.54,548.91,290,332.72,355.61,420.32
Vietnam,VNM,1724758,1802598,1856005,1940034,1987900,2026600,2074500,2054700,2178400,2249711,2399528,2523673,2623588,2743949,2860638,3077941,3314293,3346179,3440531.31,3506056.76,3540250.15
Vanuatu,VUT,36176,44968,113867,212786.63,229553,222561,213697.2,172595,150544.3,101244.5,59315.5,67482.59,70135.49,71400.2,81739,46075.1,27786,38017.56,51033.45,51409.42,55931.96
World,WLD,91685232.82,92053371.59,89287907.35,93964637.14,93592372.36,91172211.24,91527753.39,90607908.48,90001592.4,88085534.24,92559407.78,89684199.27,90873390.03,91426520.2,92557876.47,90549716.77,94223841.98,96989160.04,93028323.46,90592251.99,92177119.15
Samoa,WSM,8613,10881,9703,9934,9836,12435,14091,13899,13279,12840,11452,11960.89,11253,7553,8701.33,8808,10853,9741.59,11212.82,9953.7,9176.25
"Yemen, Rep.",YEM,142198,179584,228116,256300,238400,229660,179916,132062,179603,163861,154060.99,227114.98,228782.99,214201.98,177408,152130.99,131289.99,131307.99,131305.73,131306.52,131306.52
South Africa,ZAF,782717,793664,840624,911731,825109,629034,690857,655915,523352,640656,544964,719247.41,430865.75,609247,572335,622090.02,529925.66,570386.15,449115.36,603020.12,491329.61
Zambia,ZMB,63000,63000,66332,67725,65748,60237,73542,79404,84716,76396,69364,87638,87787,87226,90064,91975,101036,98538,97463,106836,105125
Zimbabwe,ZWE,12300,11500,10600,10500,10420,10500,10500,11400,12800,14550,17200,19900,22500,28353.13,24833.54,29356.54,31258.35,29306.96,26569.26,26671.55,22734
